,co,humidity,light,lpg,motion,smoke,temp
mape,0.10224516598135674,0.007135977588709917,inf,0.06717048674982419,inf,0.07253766756630156,0.0066082764187437555
me,8.854842230684992e-08,2.9280008019915496e-05,-6.447162685261092e-06,-8.110730445331869e-10,5.3339808186155996e-08,6.579550503424355e-08,3.925855593286315e-07
mae,0.00037066534351770213,0.5375264582869116,0.07215334697301502,0.0004092390039540635,9.109475973268863e-05,0.0011640023632332552,0.12670897805447193
mpe,0.01258557525754884,0.00011445258829083987,,0.006642353578452578,,0.007565465529061435,0.0001348814922221376
rmse,0.0005593494033930061,0.7944490887521024,0.15766061429167552,0.0005882508693762609,0.00220790660938122,0.0016885304977075676,0.21742204128693007
corr,0.9264894187275223,0.846269578171681,0.47946370524614823,0.9386418265773406,0.05123578576413826,0.9368185039646028,0.8346879500189371
minmax,0.09351050905536218,0.0070703979588554455,inf,0.06340834198149692,inf,0.06810806250077406,0.006508656832927229
